{
  "results": [
    {
      "species": "feline",
      "Vmax": 3.6,
      "Km": 1.5,
      "Vd": 1.2,
      "dose_mg": 2.5,
      "time_hr": [
        0.0,
        0.5,
        1.0,
        1.5,
        2.0,
        2.5,
        3.0,
        3.5,
        4.0,
        4.5,
        5.0,
        5.5,
        6.0,
        6.5,
        7.0,
        7.5,
        8.0,
        8.5,
        9.0,
        9.5,
        10.0,
        10.5,
        11.0,
        11.5,
        12.0,
        12.5,
        13.0,
        13.5,
        14.0,
        14.5,
        15.0,
        15.5,
        16.0,
        16.5,
        17.0,
        17.5,
        18.0,
        18.5,
        19.0,
        19.5,
        20.0,
        20.5,
        21.0,
        21.5,
        22.0,
        22.5,
        23.0,
        23.5,
        24.0
      ],
      "C_mg_L": [
        2.0833333333333335,
        1.2112403100775193,
        0.5411187947093992,
        0.14345541805147166,
        0.012522065851182068,
        0.00010366931942450489,
        7.164390041660795e-09,
        3.42189887326478e-17,
        0.0,
        0.0,
        0.0,
        0.0,
        0.0,
        0.0,
        0.0,
        0.0,
        0.0,
        0.0,
        0.0,
        0.0,
        0.0,
        0.0,
        0.0,
        0.0,
        0.0,
        0.0,
        0.0,
        0.0,
        0.0,
        0.0,
        0.0,
        0.0,
        0.0,
        0.0,
        0.0,
        0.0,
        0.0,
        0.0,
        0.0,
        0.0,
        0.0,
        0.0,
        0.0,
        0.0,
        0.0,
        0.0,
        0.0,
        0.0,
        0.0
      ],
      "apparent_t_half_0_hr": 0.8277499999999999,
      "apparent_t_half_end_hr": 0.3465,
      "Css_mg_L": 3.4090909090909087,
      "T4_response": [
        5.0,
        4.932458504045197,
        4.913743004035159,
        4.953393233630427,
        4.993824039623284,
        4.999935214231197,
        4.999999994626707,
        5.0,
        5.0,
        5.0,
        5.0,
        5.0,
        5.0,
        5.0,
        5.0,
        5.0,
        5.0,
        5.0,
        5.0,
        5.0,
        5.0,
        5.0,
        5.0,
        5.0,
        5.0,
        5.0,
        5.0,
        5.0,
        5.0,
        5.0,
        5.0,
        5.0,
        5.0,
        5.0,
        5.0,
        5.0,
        5.0,
        5.0,
        5.0,
        5.0,
        5.0,
        5.0,
        5.0,
        5.0,
        5.0,
        5.0,
        5.0,
        5.0,
        5.0
      ]
    },
    {
      "species": "human",
      "Vmax": 30.0,
      "Km": 2.0,
      "Vd": 40.0,
      "dose_mg": 2.5,
      "time_hr": [
        0.0,
        0.5,
        1.0,
        1.5,
        2.0,
        2.5,
        3.0,
        3.5,
        4.0,
        4.5,
        5.0,
        5.5,
        6.0,
        6.5,
        7.0,
        7.5,
        8.0,
        8.5,
        9.0,
        9.5,
        10.0,
        10.5,
        11.0,
        11.5,
        12.0,
        12.5,
        13.0,
        13.5,
        14.0,
        14.5,
        15.0,
        15.5,
        16.0,
        16.5,
        17.0,
        17.5,
        18.0,
        18.5,
        19.0,
        19.5,
        20.0,
        20.5,
        21.0,
        21.5,
        22.0,
        22.5,
        23.0,
        23.5,
        24.0
      ],
      "C_mg_L": [
        0.0625,
        0.05113636363636363,
        0.041787333165449504,
        0.034112562300479224,
        0.0278237211125499,
        0.02267835501954368,
        0.018473839204548117,
        0.015041696777358846,
        0.012242431481493954,
        0.009960941073710325,
        0.008102520431642541,
        0.006589427782760831,
        0.005357967383178364,
        0.004356032665600848,
        0.0035410515829097135,
        0.0028782778690683965,
        0.002339376322815166,
        0.0019012557267617948,
        0.0015451088411468801,
        0.001255624575780735,
        0.0010203426806867054,
        0.000829125981337751,
        0.0006737292815575236,
        0.0005474475811051478,
        0.00044482924872685134,
        0.00036144231106498357,
        0.0002936841230783289,
        0.0002386264347855947,
        0.00019388931599287576,
        0.00015753859325259552,
        0.00012800243356025787,
        0.0001040035132278122,
        8.450386851337591e-05,
        6.866006259856382e-05,
        5.578674280280462e-05,
        4.532702028420372e-05,
        3.6828396589559824e-05,
        2.992319938268799e-05,
        2.431268344072758e-05,
        1.9754110711159015e-05,
        1.60502515360388e-05,
        1.3040853523829058e-05,
        1.0595709431494086e-05,
        8.609024438257406e-06,
        6.994839304363775e-06,
        5.683311521758608e-06,
        4.617693639548063e-06,
        3.7518780811682995e-06,
        3.0484022606269993e-06
      ],
      "apparent_t_half_0_hr": 1.90575,
      "apparent_t_half_end_hr": 1.8480028167236888,
      "Css_mg_L": 0.18181818181818182,
      "T4_response": [
        5.0,
        4.993926308835303,
        4.989992286144021,
        4.987660323504762,
        4.9865013153357545,
        4.986178689475008,
        4.986432886859947,
        4.987067120380823,
        4.987934840602138,
        4.98892904908075,
        4.989973413837889,
        4.991015033944719,
        4.992018648728138,
        4.992962072709453,
        4.993832645419464,
        4.994624505307187,
        4.995336522193739,
        4.9959707488633285,
        4.996531277019621,
        4.99702340477704,
        4.997453041674456,
        4.997826292908629,
        4.998149177338176,
        4.998427444160962,
        4.998666461400627,
        4.998871155816699,
        4.999045988905134,
        4.999194957564439,
        4.999321611003233,
        4.999429077752388,
        4.999520098375631,
        4.999597060772209,
        4.999662035933149,
        4.999716812726756,
        4.999762930810103,
        4.999801711138566,
        4.999834283811225,
        4.999861613174271,
        4.999884520228543,
        4.999903702467282,
        4.99991975131835,
        4.999933167390592,
        4.999944373733756,
        4.999953727320248,
        4.999961528948934,
        4.9999680317587725,
        4.999973448525177,
        4.999977957896144,
        4.9999817097091
      ]
    }
  ],
  "parameters": {
    "dose_mg": 2.5,
    "t_end_hr": 24.0,
    "dt_hr": 0.5,
    "baseline_T4": 5.0
  },
  "_provenance": {
    "date": "2026-03-16T14:30:18Z",
    "script": "control/comparative/exp106_feline_hyperthyroid.py",
    "command": "python3 control/comparative/exp106_feline_hyperthyroid.py",
    "git_commit": "1e7c55f7056c3e4e7179f25ebd5d0eab8ce3b7a4",
    "python": "3.13.2",
    "numpy": "2.1.3"
  }
}
